year,month,pickup_location_id,dropoff_location_id,p90_travel_time
2019,7,159,264,252460901
2019,10,159,264,252460901
2019,3,260,186,17886158
2019,4,265,264,15294840
2019,4,265,265,12789840
2019,3,223,186,12789115
2019,5,265,264,10282620
2019,5,265,265,5098980
2019,10,156,204,2853914
2019,10,115,1,2853597
2019,10,204,115,2767438
2019,10,109,187,2767099
2019,10,1,187,2767074
2019,10,44,214,2766575
2019,10,187,109,2766346
2019,10,6,1,2766325
2019,10,1,6,2766150
2019,10,99,176,2766005
2019,10,44,251,2681359
2019,10,1,172,2681178
2019,10,214,204,2681002
2019,10,251,44,2680492
2019,10,1,221,2680487
2019,10,109,221,2680451
2019,10,172,204,2680228
2019,10,23,109,2680160
2019,10,251,176,2680147
2019,10,204,172,2679946
2019,10,204,176,2679942
2019,10,176,204,2679529
2019,10,172,118,2679290
2019,10,23,204,2679254
2019,10,172,6,2679183
2019,10,6,251,2679070
2019,10,176,172,2678919
2019,10,214,6,2678895
2019,10,172,176,2678576
2019,10,1,1,2678408
2019,10,251,204,2594457
2019,10,176,245,2594040
2019,10,44,6,2593712
2019,10,44,172,2593615
2019,10,44,176,2593605
2019,10,1,118,2593415
2019,10,109,176,2593397
2019,10,44,99,2593259
2019,10,245,176,2593212
2019,10,176,109,2593195
2019,10,118,6,2593180
2019,10,204,23,2593156
2019,10,176,5,2593052
2019,10,251,118,2592839
2019,10,99,109,2592581
2019,10,109,99,2592427
2019,10,6,214,2592099
2019,10,172,115,2592007
2019,10,176,187,2509157
2019,10,204,251,2507903
2019,10,109,156,2507791
2019,10,1,176,2507252
2019,10,156,109,2507139
2019,10,6,23,2506611
2019,10,118,44,2506332
2019,10,109,5,2505967
2019,10,5,5,2505949
2019,10,84,84,2505857
2019,10,214,1,2505795
2019,10,44,156,2505608
2019,10,118,109,2421475
2019,10,1,109,2421114
2019,10,84,214,2420576
2019,10,109,109,2420313
2019,10,118,5,2420247
2019,10,44,23,2420089
2019,10,109,118,2420022
2019,10,172,109,2420014
2019,10,5,204,2419751
2019,10,44,44,2419646
2019,10,118,1,2419624
2019,10,84,109,2419547
2019,10,109,1,2419330
2019,10,5,109,2419208
2019,10,84,221,2336611
2019,10,206,5,2336352
2019,10,109,206,2334985
2019,10,214,109,2334958
2019,10,109,6,2334809
2019,10,44,221,2334665
2019,10,221,5,2334622
2019,10,6,84,2334548
2019,10,109,23,2334502
2019,10,23,176,2334410
2019,10,84,115,2334404
2019,10,6,109,2334360
2019,10,118,176,2334295
2019,10,5,6,2334256
2019,10,172,44,2334249
2019,10,251,84,2334168
2019,10,115,5,2334127
2019,10,176,23,2333937
2019,10,5,115,2333846
2019,10,84,23,2333802
2019,10,251,172,2333748
2019,10,214,176,2333745
2019,10,214,156,2333726
2019,10,214,245,2333719
2019,10,176,118,2333628
2019,10,109,84,2333198
2019,10,204,84,2333016
2019,10,23,214,2332844
2019,10,214,23,2332820
2019,10,214,84,2332816
2019,10,5,206,2332816
2019,10,6,5,2250296
2019,10,214,44,2249958
2019,10,5,221,2249720
2019,10,84,6,2249308
2019,10,172,1,2249299
2019,10,204,214,2248763
2019,10,214,5,2248543
2019,10,44,109,2248504
2019,10,23,5,2248486
2019,10,44,206,2248451
2019,10,251,109,2248370
2019,10,84,44,2248366
2019,10,1,44,2248293
2019,10,187,214,2248102
2019,10,187,1,2248065
2019,10,1,84,2248065
2019,10,109,251,2248004
2019,10,5,23,2247976
2019,10,118,172,2247951
2019,10,204,1,2247891
2019,10,109,44,2247836
2019,10,23,172,2247654
2019,10,23,6,2247621
2019,10,23,44,2247585
2019,10,172,214,2247570
2019,10,44,118,2247498
2019,10,115,172,2247327
2019,10,5,84,2247236
2019,10,251,214,2247198
2019,10,44,204,2247151
2019,10,176,214,2247151
2019,10,204,44,2247140
2019,10,214,172,2247111
2019,10,44,84,2247099
2019,10,251,6,2247006
2019,10,23,156,2246971
2019,10,23,251,2246966
2019,10,118,251,2246932
2019,10,118,156,2246878
2019,10,176,176,2246812
2019,10,118,204,2246788
2019,10,204,204,2246688
2019,10,176,251,2246650
2019,10,172,172,2246584
2019,6,227,11,2228746
2019,10,94,258,2174640
2019,10,5,1,2163483
2019,10,84,251,2162804
2019,10,118,221,2162633
2019,10,172,206,2162270
2019,10,245,5,2162257
2019,10,5,245,2161934
2019,10,221,44,2161843
2019,10,1,204,2161528
2019,10,156,214,2161429
2019,10,214,118,2161349
2019,10,1,214,2161345
2019,10,118,84,2161219
2019,10,23,118,2161129
2019,10,109,172,2161089
2019,10,204,109,2161029
2019,10,99,84,2160962
2019,10,251,245,2160882
2019,10,84,99,2160871
2019,10,251,156,2160725
2019,10,115,214,2160634
2019,10,84,5,2160364
2019,6,171,107,2138853
2019,6,123,227,2095453
2019,10,115,109,2076651
2019,10,5,118,2076333
2019,10,187,84,2076202
2019,10,251,23,2076110
2019,10,109,214,2076041
2019,10,172,23,2075602
2019,10,84,1,2075595
2019,10,214,187,2075449
2019,10,44,1,2075321
2019,10,23,221,2075295
2019,10,5,214,2075230
2019,10,109,115,2075119
2019,10,156,44,2075070
2019,10,234,156,2075001
2019,10,23,115,2074955
2019,10,156,234,2074875
2019,10,156,172,2074850
2019,10,172,251,2074799
2019,10,204,221,2074753
2019,10,176,44,2074721
2019,10,23,1,2074703
2019,10,84,156,2074649
2019,10,118,214,2074450
2019,10,245,251,2074397
2019,10,176,1,2074137
2019,10,84,204,2074091
2019,10,187,6,2074062
2019,10,156,1,2073714
2019,10,115,23,2073608
2019,6,92,107,2063664
2019,6,228,11,2059308
2019,6,149,170,2055482
2019,6,215,106,2052973
2019,6,258,101,2037891
2019,7,74,182,2034029
2019,10,118,118,1989218
2019,10,44,245,1989177
2019,10,6,176,1989146
2019,10,172,245,1988858
2019,10,176,221,1988740
2019,10,1,5,1988541
2019,10,6,118,1988520
2019,10,99,214,1988482
2019,10,176,6,1988343
2019,10,172,84,1988225
2019,10,204,118,1988149
2019,10,118,23,1987921
2019,10,44,5,1987899
2019,10,5,44,1987784
2019,10,109,204,1987706
2019,10,214,214,1987684
2019,10,118,115,1987207
2019,6,171,75,1977770
2019,6,82,75,1976648
2019,6,77,19,1975884
2019,6,129,107,1974809
2019,6,193,75,1970146
2019,6,205,86,1965785
2019,6,131,226,1963994
2019,6,160,83,1954950
2019,6,215,101,1952363
2019,6,171,137,1951163
2019,6,38,129,1941918
2019,6,258,121,1939854
2019,6,192,131,1934901
2019,10,206,109,1902514
2019,10,204,245,1902474
2019,10,84,176,1902465
2019,10,204,156,1902000
2019,10,214,251,1901867
2019,10,156,23,1901850
2019,10,214,221,1901394
2019,10,5,99,1901293
2019,6,122,10,1898413
2019,6,67,227,1894063
2019,6,139,75,1885781
2019,6,63,129,1863473
2019,6,53,216,1861375
2019,6,160,143,1803048
2019,6,179,231,1800127
2019,6,21,227,1797266
2019,6,121,101,1796250
2019,6,14,227,1760159
2019,10,84,245,1730496
2019,10,176,84,1729167
2019,10,156,251,1728641
2019,6,11,227,1728336
2019,10,251,115,1728286
2019,6,11,228,1727911
2019,6,122,19,1727295
2019,6,14,11,1720954
2019,6,260,107,1711845
2019,6,92,137,1709603
2019,6,121,234,1696947
2019,6,14,228,1696605
2019,6,171,102,1693582
2019,6,107,171,1648056
2019,10,187,44,1645543
2019,10,206,44,1645005
2019,10,44,187,1644596
2019,10,1,251,1644253
2019,10,6,204,1644200
2019,10,176,156,1643834
2019,10,5,172,1643743
2019,10,221,84,1643509
2019,10,84,118,1643465
2019,10,156,118,1643378
2019,10,172,5,1643277
2019,10,156,176,1643149
2019,10,204,6,1643030
2019,10,84,172,1642932
2019,10,204,187,1642855
2019,10,156,5,1642644
2019,10,6,172,1642441
2019,10,187,251,1642350
2019,10,115,251,1642225
2019,10,156,84,1641680
2019,10,156,115,1641660
2019,6,73,102,1632981
2019,6,171,141,1614082
2019,6,192,121,1578741
2019,6,101,121,1572195
2019,10,84,187,1558304
2019,6,227,67,1558035
2019,10,245,109,1557940
2019,10,245,172,1557577
2019,10,109,245,1557272
2019,10,156,206,1557190
2019,10,206,172,1557167
2019,6,83,160,1557119
2019,10,5,156,1556117
2019,10,204,5,1555534
2019,10,99,99,1555209
2019,6,130,218,1543285
2019,6,95,75,1541043
2019,6,80,61,1540465
2019,6,130,131,1537649
2019,6,131,197,1529738
2019,6,10,122,1528062
2019,6,56,107,1526491
2019,6,227,123,1524050
2019,6,107,129,1516289
2019,6,227,227,1508688
2019,6,106,215,1489634
2019,6,205,101,1479410
2019,6,179,148,1473852
2019,10,251,1,1470932
2019,10,23,84,1469614
2019,10,214,115,1469491
2019,6,173,140,1458661
2019,6,227,21,1455755
2019,6,226,131,1454893
2019,6,75,193,1446605
2019,6,143,160,1441889
2019,6,131,192,1427717
2019,6,216,130,1417072
2019,6,260,131,1402892
2019,6,56,45,1398886
2019,6,216,131,1391165
2019,6,121,258,1388068
2019,6,101,215,1387074
2019,10,245,44,1385496
2019,10,115,84,1384617
2019,10,245,214,1384180
2019,6,101,61,1383741
2019,10,251,206,1383554
2019,10,23,23,1383027
2019,6,146,92,1376151
2019,6,193,43,1367848
2019,6,215,121,1367090
2019,6,73,90,1364780
2019,6,131,16,1363910
2019,6,137,92,1352044
2019,6,228,227,1345444
2019,6,106,39,1317420
2019,6,80,137,1303906
2019,10,245,84,1297992
2019,10,99,44,1297359
2019,6,149,107,1297278
2019,6,121,215,1294726
2019,6,193,121,1289886
2019,6,28,101,1286120
2019,6,260,95,1285785
2019,6,171,121,1282262
2019,6,191,191,1281930
2019,5,264,252,1278348
2019,6,234,121,1276611
2019,6,231,179,1269146
2019,6,135,140,1262331
2019,6,129,38,1254714
2019,6,121,171,1221091
2019,6,98,179,1218667
2019,6,175,73,1218271
2019,6,198,137,1214276
2019,6,7,170,1212355
2019,10,176,206,1212126
2019,10,204,206,1211219
2019,6,197,73,1208637
2019,6,137,171,1204533
2019,6,10,9,1201102
2019,6,258,102,1197597
2019,6,135,9,1191953
2019,6,198,192,1180790
2019,6,171,68,1176889
2019,6,82,121,1173404
2019,6,83,43,1167614
2019,10,84,206,1125204
2019,6,197,134,1124474
2019,10,204,99,1124153
2019,10,221,214,1123955
2019,6,53,131,1121835
2019,6,193,130,1112634
2019,6,149,227,1108338
2019,6,80,244,1102313
2019,6,61,80,1102174
2019,6,101,92,1086340
2019,6,45,56,1046902
2019,6,107,56,1045348
2019,12,25,169,1039717
2019,6,73,121,1038732
2019,10,206,204,1038310
2019,6,19,134,1028709
2019,6,98,121,1025336
2019,6,75,82,1020920
2019,6,129,63,1007197
2019,6,92,121,996894
2019,6,107,137,978859
2019,6,19,77,969498
2019,6,131,260,968087
2019,6,121,192,963412
2019,6,134,130,962687
2019,6,123,11,958863
2019,10,256,26,958632
2019,10,5,251,952117
2019,10,6,44,952041
2019,10,23,245,951691
2019,10,1,156,951397
2019,10,251,251,950740
2019,10,99,5,950649
2019,6,197,175,947697
2019,6,43,193,945265
2019,6,149,150,944044
2019,6,26,162,940989
2019,6,228,14,940000
2019,6,19,129,939755
2019,4,47,32,936500
2019,6,218,130,919869
2019,6,180,216,907542
2019,6,102,171,898705
2019,6,148,179,895944
2019,6,11,14,895024
2019,6,140,173,881893
2019,6,227,228,875244
2019,6,193,82,871847
2019,10,245,204,867514
2019,6,74,129,867400
2019,6,260,265,865710
2019,10,115,118,865708
2019,6,7,131,857492
2019,6,101,258,856386
2019,4,264,170,843999
2019,6,122,215,839854
2019,6,192,198,838265
2019,6,141,171,834775
2019,4,35,15,833601
2019,6,28,265,831380
2019,6,16,121,809157
2019,6,216,180,800542
2019,6,102,73,798417
2019,6,56,140,780490
2019,10,206,1,780250
2019,6,134,197,779748
2019,10,118,206,779481
2019,10,172,187,779466
2019,10,187,204,779182
2019,10,214,206,778944
2019,6,19,122,777311
2019,6,63,101,771088
2019,6,227,14,765613
2019,6,171,256,762723
2019,6,129,121,761491
2019,6,43,83,755831
2019,6,226,193,750340
2019,6,56,231,744157
2019,6,216,53,707320
2019,6,68,171,703315
2019,6,134,121,699752
2019,10,187,5,692224
2019,6,260,43,691514
2019,6,244,80,689693
2019,6,9,10,684314
2019,6,16,95,680265
2019,6,265,121,678921
2019,6,101,28,674839
2019,6,196,129,674394
2019,6,197,205,673782
2019,6,129,179,673641
2019,6,19,92,671007
2019,6,188,80,670305
2019,6,86,205,668456
2019,7,65,213,662857
2019,6,14,137,662476
2019,6,160,121,661477
2019,6,131,216,646272
2019,6,107,149,634578
2019,6,121,193,621206
2019,6,10,129,619279
2019,6,193,234,608995
2019,10,1,115,606340
2019,12,9,126,592260
2019,6,134,19,589982
2019,6,162,26,589189
2019,6,43,260,580104
2019,6,75,139,561147
2019,6,134,134,557309
2019,6,179,98,538296
2019,6,170,149,534180
2019,6,75,129,530676
2019,6,137,260,528975
2019,6,92,146,528793
2019,6,121,92,521380
2019,6,234,235,520500
2019,10,221,109,519833
2019,10,44,115,519694
2019,12,265,243,519303
2019,10,245,115,518984
2019,6,218,124,517567
2019,6,130,216,513377
2019,6,265,160,513153
2019,2,183,51,508256
2019,6,121,179,506892
2019,6,121,134,504414
2019,6,265,28,504043
2019,6,73,101,500871
2019,12,244,174,498946
2019,6,80,35,498313
2019,6,101,197,495402
2019,9,166,241,490408
2019,6,140,92,484514
2019,6,140,135,469098
2019,6,131,130,463792
2019,6,265,215,457544
2019,6,121,160,445662
2019,6,226,129,439532
2019,10,227,251,434701
2019,9,69,116,434501
2019,10,206,214,434269
2019,6,95,244,433800
2019,10,5,187,433484
2019,10,1,23,433386
2019,8,233,42,433200
2019,10,156,245,432723
2019,6,11,123,425137
2019,6,10,191,423566
2019,6,53,7,422875
2019,12,163,82,418652
2019,2,51,68,414771
2019,6,175,196,413701
2019,6,160,171,406609
2019,6,67,265,385705
2019,6,129,170,383301
2019,6,121,16,365225
2019,6,218,101,360582
2019,6,121,82,359802
2019,6,143,50,351482
2019,10,187,176,347974
2019,10,221,118,347703
2019,10,206,156,347555
2019,10,187,221,346926
2019,10,6,206,346702
2019,10,6,187,346700
2019,10,115,245,346137
2019,12,186,226,343122
2019,6,80,129,336042
2019,6,160,237,335000
2019,6,265,35,334370
2019,2,212,74,326836
2019,11,260,220,320760
2019,6,122,131,319297
2019,12,88,117,314489
2019,8,75,174,314047
2019,11,32,38,313784
2019,6,63,196,312667
2019,5,71,169,294291
2019,6,231,56,288507
2019,6,150,149,287450
2019,11,196,90,282720
2019,7,143,235,281601
2019,6,129,19,278398
2019,6,90,73,276069
2019,2,184,183,275485
2019,6,75,95,273983
2019,2,152,242,267682
2019,6,73,107,265625
2019,6,95,16,263695
2019,11,147,235,263535
2019,12,136,61,262012
2019,7,143,50,261928
2019,6,131,53,261634
2019,11,140,174,261478
2019,10,92,4,261240
2019,9,82,161,260958
2019,10,118,245,260361
2019,10,251,5,260306
2019,10,245,118,260214
2019,10,237,219,259920
2019,12,237,61,259239
2019,12,119,47,259208
2019,2,235,247,258138
2019,12,168,234,255791
2019,6,48,82,255217
2019,4,264,7,252459
2019,6,265,219,252020
2019,2,147,212,248923
2019,6,215,122,248301
2019,7,231,149,243535
2019,6,172,221,237667
2019,4,172,221,237307
2019,6,140,42,234415
2019,6,258,265,234309
2019,4,140,42,234029
2019,2,75,68,233890
2019,7,140,42,233562
2019,6,191,10,228297
2019,7,132,58,226933
2019,3,172,176,225589
2019,7,7,117,224288
2019,6,101,63,224079
2019,7,221,23,223392
2019,6,265,29,221247
2019,10,265,160,216741
2019,9,33,69,214746
2019,10,4,244,204488
2019,4,51,83,200952
2019,6,19,70,200093
2019,8,150,241,194498
2019,8,125,131,194374
2019,6,121,73,193792
2019,3,235,247,192151
2019,6,109,115,189059
2019,5,81,248,188121
2019,6,79,107,185597
2019,7,212,235,185192
2019,2,259,166,182871
2019,12,173,216,182280
2019,2,126,170,181069
2019,4,264,236,178201
2019,7,265,146,177508
2019,2,236,235,177440
2019,6,179,252,177268
2019,6,9,216,176962
2019,6,75,171,176047
2019,12,235,265,175681
2019,11,129,174,174960
2019,12,247,32,174925
2019,7,264,114,174079
2019,11,127,185,174063
2019,7,163,193,174054
2019,7,204,23,173371
2019,9,188,66,173103
2019,10,227,170,173030
2019,9,235,254,172804
2019,8,20,235,172803
2019,10,69,183,172803
2019,10,82,235,172727
2019,11,74,185,171508
2019,7,138,129,169477
2019,2,256,161,169365
2019,8,249,169,168596
2019,2,4,167,167100
2019,3,20,3,166876
2019,2,170,167,165898
2019,6,197,137,164956
2019,6,249,169,164376
2019,6,140,56,162931
2019,6,175,101,162545
2019,12,213,247,162093
2019,10,205,81,161690
2019,9,229,41,161302
2019,8,238,188,160831
2019,4,248,136,160081
2019,4,74,126,158791
2019,4,264,228,158608
2019,9,159,194,155607
2019,6,264,43,155297
2019,2,43,43,154788
2019,8,181,230,154477
2019,3,167,235,152230
2019,6,48,129,150464
2019,2,172,118,149548
2019,5,140,42,148234
2019,8,51,260,147343
2019,12,137,159,147240
2019,12,163,192,145865
2019,9,51,126,145531
2019,7,80,7,145143
2019,5,264,160,145063
2019,12,6,244,144172
2019,12,6,241,144153
2019,6,182,18,144037
2019,12,11,129,143385
2019,6,264,146,142534
2019,12,43,256,142137
2019,2,51,208,141648
2019,6,82,26,141508
2019,6,9,213,140220
2019,8,202,167,138832
2019,4,264,226,138724
2019,7,260,237,137539
2019,6,83,179,136229
2019,12,167,136,135712
2019,6,82,193,135343
2019,12,179,53,134377
2019,7,122,152,133852
2019,6,186,3,133211
2019,4,264,196,132655
2019,5,35,169,130784
2019,11,51,119,128522
2019,8,123,138,128265
2019,10,56,235,126836
2019,6,129,74,123974
2019,11,32,136,123059
2019,11,56,264,119728
2019,8,107,196,119508
2019,8,137,127,118377
2019,6,134,244,117155
2019,8,120,127,116912
2019,11,95,244,116052
2019,8,151,248,115926
2019,9,82,127,113466
2019,5,264,216,111892
2019,6,216,121,111370
2019,11,48,192,110517
2019,6,9,121,110418
2019,11,129,64,109172
2019,7,89,257,106794
2019,3,145,197,105451
2019,12,182,31,104576
2019,8,169,192,103895
2019,6,191,131,103190
2019,2,265,43,103088
2019,4,51,41,102796
2019,3,94,235,102056
2019,5,264,231,101758
2019,2,164,95,100878
2019,10,19,152,99934
2019,8,228,231,99872
2019,6,197,101,99022
2019,7,48,146,99006
2019,7,254,23,98554
2019,7,94,23,98523
2019,5,48,146,97971
2019,6,121,98,96543
2019,5,264,130,96086
2019,4,176,214,95284
2019,6,176,214,94864
2019,6,130,95,94541
2019,5,86,36,93934
2019,4,264,80,93714
2019,9,155,130,93141
2019,12,81,127,93090
2019,12,48,102,92707
2019,12,256,202,92448
2019,11,129,234,92444
2019,12,159,68,92329
2019,10,244,210,91761
2019,10,233,125,91702
2019,3,48,221,91319
2019,10,48,69,91265
2019,6,121,265,91254
2019,10,144,263,91241
2019,5,254,241,91133
2019,8,145,124,90932
2019,8,155,35,90797
2019,9,45,195,90744
2019,9,228,107,90717
2019,9,87,92,90459
2019,5,264,226,90445
2019,9,225,227,90388
2019,7,29,75,90374
2019,6,75,213,90240
2019,4,206,132,90000
2019,8,145,48,89822
2019,4,116,233,89796
2019,8,193,186,89783
2019,3,136,42,89763
2019,9,144,180,89621
2019,8,193,230,89488
2019,8,145,161,89424
2019,12,100,241,89327
2019,7,51,18,89285
2019,8,169,265,89251
2019,10,140,254,89240
2019,9,254,212,89126
2019,10,140,168,89105
2019,9,51,212,89031
2019,9,232,258,88976
2019,12,20,3,88921
2019,9,212,235,88905
2019,8,145,134,88879
2019,7,68,235,88862
2019,9,14,10,88831
2019,11,68,102,88797
2019,9,81,212,88781
2019,8,7,28,88766
2019,10,73,227,88756
2019,9,21,137,88747
2019,5,69,259,88740
2019,9,208,212,88717
2019,8,167,220,88711
2019,9,22,144,88689
2019,10,47,213,88659
2019,12,41,136,88654
2019,10,143,169,88653
2019,12,113,129,88644
2019,12,168,235,88638
2019,3,254,241,88615
2019,11,32,18,88612
2019,9,198,243,88580
2019,12,90,226,88552
2019,7,254,235,88542
2019,10,167,241,88538
2019,4,129,96,88434
2019,5,240,18,88416
2019,8,146,83,88393
2019,3,264,146,88288
2019,9,174,170,88278
2019,8,146,171,88163
2019,5,197,226,88020
2019,9,108,144,87967
2019,11,246,226,87951
2019,6,238,126,87780
2019,6,137,169,87780
2019,9,144,195,87770
2019,8,265,226,87587
2019,8,195,226,87549
2019,9,79,144,87520
2019,2,3,147,87500
2019,3,93,173,87377
2019,8,181,179,87304
2019,12,42,241,87303
2019,12,115,214,87247
2019,10,162,92,87178
2019,5,265,260,87116
2019,5,28,264,87000
2019,5,121,264,87000
2019,5,10,264,87000
2019,6,130,205,86907
2019,10,171,144,86892
2019,10,53,83,86863
2019,10,53,98,86700
2019,10,9,227,86700
2019,4,264,193,86638
2019,5,94,63,86494
2019,5,145,82,86446
2019,11,100,223,86415
2019,12,242,42,86406
2019,9,41,247,86405
2019,10,41,247,86404
2019,9,51,18,86404
2019,9,182,18,86403
2019,11,116,235,86403
2019,10,100,235,86403
2019,10,140,167,86400
2019,12,234,235,85980
2019,12,181,28,85740
2019,5,264,146,85721
2019,8,82,10,85505
2019,3,55,164,85056
2019,12,163,226,85011
2019,12,208,181,84720
2019,8,19,205,84600
2019,8,90,137,84420
2019,7,51,167,84414
2019,8,234,14,84120
2019,6,48,235,83873
2019,12,68,226,83845
2019,8,164,7,83520
2019,10,235,94,83086
2019,4,42,188,83053
2019,5,69,130,82945
2019,8,170,140,82756
2019,12,89,185,82742
2019,10,40,107,82680
2019,10,61,195,82649
2019,3,235,18,82464
2019,11,233,226,82454
2019,8,107,89,82320
2019,12,164,56,82188
2019,4,264,223,81932
2019,12,136,90,81900
2019,2,40,161,81734
2019,10,20,81,81635
2019,6,264,226,81539
2019,4,264,192,81485
2019,11,265,212,81424
2019,8,107,39,81420
2019,7,78,241,81323
2019,8,48,233,81314
2019,12,113,174,81180
2019,4,94,235,81125
2019,11,163,7,80896
2019,8,209,230,80820
2019,2,74,81,80798
2019,8,26,254,80580
2019,10,48,219,80535
2019,5,126,260,80344
2019,12,228,215,79920
2019,5,264,235,79756
2019,5,214,251,79648
2019,12,230,226,79627
2019,2,251,69,79604
2019,11,168,240,79579
2019,7,226,80,79554
2019,12,161,56,79439
2019,8,116,107,79320
2019,8,45,89,78840
2019,8,209,152,78840
2019,8,246,61,78660
2019,9,236,238,78496
2019,2,256,164,78059
2019,8,134,80,77731
2019,10,170,98,77615
2019,8,26,48,77580
2019,12,122,10,77400
2019,8,196,222,77345
2019,8,209,39,77294
2019,7,264,79,77205
2019,5,225,138,77038
2019,8,48,23,76674
2019,11,228,48,76564
2019,8,107,90,76500
2019,12,36,131,76500
2019,1,78,115,76470
2019,8,155,78,76437
2019,3,214,118,76434
2019,11,45,216,76375
2019,4,55,129,76315
2019,8,48,169,76160
2019,5,264,237,76106
2019,8,130,159,75960
2019,5,181,87,75927
2019,11,124,168,75720
2019,4,126,136,75542
2019,12,236,226,75355
2019,5,264,244,75313
2019,8,10,135,75300
2019,2,159,182,75218
2019,2,182,115,75208
2019,9,89,10,75128
2019,1,265,65,75016
2019,12,168,14,74993
2019,7,74,77,74902
2019,10,68,260,74640
2019,5,32,136,74630
2019,2,231,163,74488
2019,8,235,140,74460
2019,8,151,47,74431
2019,5,248,136,73873
2019,6,264,193,73872
2019,3,159,182,73857
2019,9,82,10,73820
2019,11,181,229,73666
2019,5,264,112,73584
2019,12,100,260,73391
2019,11,252,126,73380
2019,8,166,107,73260
2019,7,119,241,73243
2019,5,251,248,73243
2019,4,264,129,73180
2019,6,219,265,73059
2019,5,163,216,73027
2019,4,264,259,72960
2019,1,251,247,72834
2019,4,264,260,72829
2019,3,9,157,72766
2019,12,258,86,72660
2019,5,264,118,72660
2019,2,145,229,72646
2019,12,187,115,72503
2019,5,247,3,72472
2019,4,264,179,72471
2019,11,250,17,72420
2019,8,131,38,72420
2019,7,3,241,72393
2019,6,264,229,72263
2019,1,182,97,72230
2019,11,32,241,72196
2019,10,217,35,71940
2019,8,42,216,71940
2019,5,264,84,71861
2019,4,264,82,71794
2019,4,126,18,71732
2019,8,95,163,71280
2019,4,264,156,71199
2019,12,48,234,71100
2019,12,100,48,71046
2019,11,170,223,70932
2019,12,41,222,70927
2019,9,247,137,70801
2019,7,196,10,70740
2019,9,76,121,70740
2019,8,45,51,70560
2019,2,136,42,70474
2019,10,226,93,70185
2019,4,83,102,70140
2019,4,9,10,70140
2019,9,89,25,70051
2019,2,1,264,70020
2019,11,191,129,69943
2019,10,137,208,69889
2019,2,140,79,69876
2019,8,22,39,69780
2019,2,3,184,69727
2019,12,230,173,69540
2019,5,48,129,69533
2019,8,50,97,69420
2019,3,147,60,69303